,year,week,score,win,opp_score
year,1.0,0.031268613265767214,0.3049069757242238,0.04292201287670044,0.304906975724225
week,0.031268613265767214,1.0,-0.08650611432351292,-0.11685959357703636,-0.08650611432351328
score,0.3049069757242238,-0.08650611432351292,1.0,0.4871949247793512,0.15759182182511264
win,0.04292201287670044,-0.11685959357703636,0.4871949247793512,1.0,-0.417894224257565
opp_score,0.304906975724225,-0.08650611432351328,0.15759182182511264,-0.417894224257565,1.0
